<?xml version="1.0" encoding="UTF-8" ?>
<!DOCTYPE configuration
  PUBLIC "-//mybatis.org//DTD Config 3.0//EN"
  "http://mybatis.org/dtd/mybatis-3-config.dtd">
<configuration>	

	<typeAliases>
		<typeAlias type="com.springbook.biz.board.BoardVO" alias="board"></typeAlias>
		<typeAlias type="com.springbook.biz.user.UserVO" alias="user"></typeAlias>
		<typeAlias type="com.mybatis.join.VO.DepartmentVO" alias="dept"></typeAlias>
		<typeAlias type="com.mybatis.join.VO.EmployeeVO" alias="emp"></typeAlias>
		<typeAlias type="com.mybatis.join.VO.JoinVO" alias="joinvo"></typeAlias>
		<typeAlias type="com.mybatis.join.VO.SDepartmentVO" alias="sdept"></typeAlias>
		<typeAlias type="com.mybatis.join.VO.SEmployeeVO" alias="semp"></typeAlias>
		<typeAlias type="com.mybatis.join.VO.SJoinVO" alias="sjoinvo"></typeAlias>
	</typeAliases>


	<mappers>
		<mapper resource="mappings/board-mapping.xml" />
		<mapper resource="mappings/user-mapping.xml" />
		<mapper resource="mappings/join-mapping.xml" />
		<mapper resource="mappings/spring-mapping.xml" />
	</mappers>
</configuration>
